{
    "assetIndex": {
        "id": "1.7.10",
        "sha1": "1863782e33ce7b584fc45b037325a1964e095d3e",
        "size": 72996,
        "totalSize": 112396854,
        "url": "https://piston-meta.mojang.com/v1/packages/1863782e33ce7b584fc45b037325a1964e095d3e/1.7.10.json"
    },
    "compatibleJavaMajors": [
        17,
        21,
        23,
        24
    ],
    "formatVersion": 1,
    "libraries": [
        {
            "downloads": {
                "artifact": {
                    "sha1": "0a796914d1c8a55b4da9f4a8856dd9623375d8bb",
                    "size": 15966,
                    "url": "https://libraries.minecraft.net/com/mojang/netty/1.8.8/netty-1.8.8.jar"
                }
            },
            "name": "com.mojang:netty:1.8.8"
        },
        {
            "downloads": {
                "artifact": {
                    "sha1": "0807ae355ee63583becd7ea60e76aab1532bb42e",
                    "size": 353818,
                    "url": "https://libraries.minecraft.net/com/mojang/realms/1.3.5/realms-1.3.5.jar"
                }
            },
            "name": "com.mojang:realms:1.3.5"
        },
        {
            "downloads": {
                "artifact": {
                    "sha1": "18f4247ff4572a074444572cee34647c43e7c9c7",
                    "size": 589512,
                    "url": "https://libraries.minecraft.net/org/apache/httpcomponents/httpclient/4.3.3/httpclient-4.3.3.jar"
                }
            },
            "name": "org.apache.httpcomponents:httpclient:4.3.3"
        },
        {
            "downloads": {
                "artifact": {
                    "sha1": "f6f66e966c70a83ffbdb6f17a0919eaf7c8aca7f",
                    "size": 62050,
                    "url": "https://libraries.minecraft.net/commons-logging/commons-logging/1.1.3/commons-logging-1.1.3.jar"
                }
            },
            "name": "commons-logging:commons-logging:1.1.3"
        },
        {
            "downloads": {
                "artifact": {
                    "sha1": "31fbbff1ddbf98f3aa7377c94d33b0447c646b6e",
                    "size": 282269,
                    "url": "https://libraries.minecraft.net/org/apache/httpcomponents/httpcore/4.3.2/httpcore-4.3.2.jar"
                }
            },
            "name": "org.apache.httpcomponents:httpcore:4.3.2"
        },
        {
            "downloads": {
                "artifact": {
                    "sha1": "a0ae4f51da409fa0c20fa0ca59e6bbc9413ae71d",
                    "size": 289881,
                    "url": "https://libraries.minecraft.net/java3d/vecmath/1.3.1/vecmath-1.3.1.jar"
                }
            },
            "name": "java3d:vecmath:1.3.1"
        },
        {
            "downloads": {
                "artifact": {
                    "sha1": "42ccaf4761f0dfdfa805c9e340d99a755907e2dd",
                    "size": 2523218,
                    "url": "https://libraries.minecraft.net/net/sf/trove4j/trove4j/3.0.3/trove4j-3.0.3.jar"
                }
            },
            "name": "net.sf.trove4j:trove4j:3.0.3"
        },
        {
            "downloads": {
                "artifact": {
                    "sha1": "63d216a9311cca6be337c1e458e587f99d382b84",
                    "size": 1634692,
                    "url": "https://libraries.minecraft.net/com/ibm/icu/icu4j-core-mojang/51.2/icu4j-core-mojang-51.2.jar"
                }
            },
            "name": "com.ibm.icu:icu4j-core-mojang:51.2"
        },
        {
            "downloads": {
                "artifact": {
                    "sha1": "6065cc95c661255349c1d0756657be17c29a4fd3",
                    "size": 61311,
                    "url": "https://libraries.minecraft.net/net/sf/jopt-simple/jopt-simple/4.5/jopt-simple-4.5.jar"
                }
            },
            "name": "net.sf.jopt-simple:jopt-simple:4.5"
        },
        {
            "downloads": {
                "artifact": {
                    "sha1": "c73b5636faf089d9f00e8732a829577de25237ee",
                    "size": 103871,
                    "url": "https://libraries.minecraft.net/com/paulscode/codecjorbis/20101023/codecjorbis-20101023.jar"
                }
            },
            "name": "com.paulscode:codecjorbis:20101023"
        },
        {
            "downloads": {
                "artifact": {
                    "sha1": "12f031cfe88fef5c1dd36c563c0a3a69bd7261da",
                    "size": 5618,
                    "url": "https://libraries.minecraft.net/com/paulscode/codecwav/20101023/codecwav-20101023.jar"
                }
            },
            "name": "com.paulscode:codecwav:20101023"
        },
        {
            "downloads": {
                "artifact": {
                    "sha1": "5c5e304366f75f9eaa2e8cca546a1fb6109348b3",
                    "size": 21679,
                    "url": "https://libraries.minecraft.net/com/paulscode/libraryjavasound/20101123/libraryjavasound-20101123.jar"
                }
            },
            "name": "com.paulscode:libraryjavasound:20101123"
        },
        {
            "downloads": {
                "artifact": {
                    "sha1": "73e80d0794c39665aec3f62eee88ca91676674ef",
                    "size": 18981,
                    "url": "https://libraries.minecraft.net/com/paulscode/librarylwjglopenal/20100824/librarylwjglopenal-20100824.jar"
                }
            },
            "name": "com.paulscode:librarylwjglopenal:20100824"
        },
        {
            "downloads": {
                "artifact": {
                    "sha1": "419c05fe9be71f792b2d76cfc9b67f1ed0fec7f6",
                    "size": 65020,
                    "url": "https://libraries.minecraft.net/com/paulscode/soundsystem/20120107/soundsystem-20120107.jar"
                }
            },
            "name": "com.paulscode:soundsystem:20120107"
        },
        {
            "downloads": {
                "artifact": {
                    "sha1": "9e50bd52ffe257a0e2cd8d971688d6ce7d174325",
                    "size": 1452995,
                    "url": "https://libraries.minecraft.net/io/netty/netty-all/4.0.10.Final/netty-all-4.0.10.Final.jar"
                }
            },
            "name": "io.netty:netty-all:4.0.10.Final"
        },
        {
            "downloads": {
                "artifact": {
                    "sha1": "ed727a8d9f247e2050281cb083f1c77b09dcb5cd",
                    "size": 2172168,
                    "url": "https://libraries.minecraft.net/com/google/guava/guava/15.0/guava-15.0.jar"
                }
            },
            "name": "com.google.guava:guava:15.0"
        },
        {
            "downloads": {
                "artifact": {
                    "sha1": "9ce04e34240f674bc72680f8b843b1457383161a",
                    "size": 263965,
                    "url": "https://libraries.minecraft.net/commons-codec/commons-codec/1.9/commons-codec-1.9.jar"
                }
            },
            "name": "commons-codec:commons-codec:1.9"
        },
        {
            "downloads": {
                "artifact": {
                    "sha1": "b3add478d4382b78ea20b1671390a858002feb6c",
                    "size": 283367,
                    "url": "https://libraries.minecraft.net/com/google/code/gson/gson/2.10.1/gson-2.10.1.jar"
                }
            },
            "name": "com.google.code.gson:gson:2.10.1"
        },
        {
            "downloads": {
                "artifact": {
                    "sha1": "aefba0d5b53fbcb70860bc8046ab95d5854c07a5",
                    "size": 64412,
                    "url": "https://libraries.minecraft.net/com/mojang/authlib/1.5.21/authlib-1.5.21.jar"
                }
            },
            "name": "com.mojang:authlib:1.5.21"
        },
        {
            "downloads": {
                "artifact": {
                    "sha1": "b61eaf2e64d8b0277e188262a8b771bbfa1502b3",
                    "size": 107347,
                    "url": "https://files.prismlauncher.org/maven/org/apache/logging/log4j/log4j-api/2.0-beta9-fixed/log4j-api-2.0-beta9-fixed.jar"
                }
            },
            "name": "org.apache.logging.log4j:log4j-api:2.0-beta9-fixed"
        },
        {
            "downloads": {
                "artifact": {
                    "sha1": "677991ea2d7426f76309a73739cecf609679492c",
                    "size": 677588,
                    "url": "https://files.prismlauncher.org/maven/org/apache/logging/log4j/log4j-core/2.0-beta9-fixed/log4j-core-2.0-beta9-fixed.jar"
                }
            },
            "name": "org.apache.logging.log4j:log4j-core:2.0-beta9-fixed"
        },
        {
            "downloads": {
                "artifact": {
                    "sha1": "1f55f009c61637c10c0acfb8b5ffc600f30044b4",
                    "size": 52315,
                    "url": "https://libraries.minecraft.net/tv/twitch/twitch/5.16/twitch-5.16.jar"
                }
            },
            "name": "tv.twitch:twitch:5.16"
        },
        {
            "downloads": {
                "classifiers": {
                    "natives-osx": {
                        "sha1": "62503ee712766cf77f97252e5902786fd834b8c5",
                        "size": 418331,
                        "url": "https://libraries.minecraft.net/tv/twitch/twitch-platform/5.16/twitch-platform-5.16-natives-osx.jar"
                    },
                    "natives-windows-32": {
                        "sha1": "7c6affe439099806a4f552da14c42f9d643d8b23",
                        "size": 386792,
                        "url": "https://libraries.minecraft.net/tv/twitch/twitch-platform/5.16/twitch-platform-5.16-natives-windows-32.jar"
                    },
                    "natives-windows-64": {
                        "sha1": "39d0c3d363735b4785598e0e7fbf8297c706a9f9",
                        "size": 463390,
                        "url": "https://libraries.minecraft.net/tv/twitch/twitch-platform/5.16/twitch-platform-5.16-natives-windows-64.jar"
                    }
                }
            },
            "extract": {
                "exclude": [
                    "META-INF/"
                ]
            },
            "name": "tv.twitch:twitch-platform:5.16",
            "natives": {
                "linux": "natives-linux",
                "osx": "natives-osx",
                "windows": "natives-windows-${arch}"
            },
            "rules": [
                {
                    "action": "allow"
                },
                {
                    "action": "disallow",
                    "os": {
                        "name": "linux"
                    }
                }
            ]
        },
        {
            "downloads": {
                "classifiers": {
                    "natives-windows-32": {
                        "sha1": "18215140f010c05b9f86ef6f0f8871954d2ccebf",
                        "size": 5654047,
                        "url": "https://libraries.minecraft.net/tv/twitch/twitch-external-platform/4.5/twitch-external-platform-4.5-natives-windows-32.jar"
                    },
                    "natives-windows-64": {
                        "sha1": "c3cde57891b935d41b6680a9c5e1502eeab76d86",
                        "size": 7457619,
                        "url": "https://libraries.minecraft.net/tv/twitch/twitch-external-platform/4.5/twitch-external-platform-4.5-natives-windows-64.jar"
                    }
                }
            },
            "extract": {
                "exclude": [
                    "META-INF/"
                ]
            },
            "name": "tv.twitch:twitch-external-platform:4.5",
            "natives": {
                "windows": "natives-windows-${arch}"
            },
            "rules": [
                {
                    "action": "allow",
                    "os": {
                        "name": "windows"
                    }
                }
            ]
        },
        {
            "downloads": {
                "classifiers": {
                    "natives-linux": {
                        "sha1": "7ff832a6eb9ab6a767f1ade2b548092d0fa64795",
                        "size": 10362,
                        "url": "https://libraries.minecraft.net/net/java/jinput/jinput-platform/2.0.5/jinput-platform-2.0.5-natives-linux.jar"
                    },
                    "natives-linux-arm32": {
                        "sha1": "f3c455b71c5146acb5f8a9513247fc06db182fd5",
                        "size": 4521,
                        "url": "https://github.com/theofficialgman/lwjgl3-binaries-arm32/raw/lwjgl-2.9.4/jinput-platform-2.0.5-natives-linux.jar"
                    },
                    "natives-linux-arm64": {
                        "sha1": "42b388ccb7c63cec4e9f24f4dddef33325f8b212",
                        "size": 10932,
                        "url": "https://github.com/theofficialgman/lwjgl3-binaries-arm64/raw/lwjgl-2.9.4/jinput-platform-2.0.5-natives-linux.jar"
                    },
                    "natives-osx": {
                        "sha1": "53f9c919f34d2ca9de8c51fc4e1e8282029a9232",
                        "size": 12186,
                        "url": "https://libraries.minecraft.net/net/java/jinput/jinput-platform/2.0.5/jinput-platform-2.0.5-natives-osx.jar"
                    },
                    "natives-osx-arm64": {
                        "sha1": "5189eb40db3087fb11ca063b68fa4f4c20b199dd",
                        "size": 10031,
                        "url": "https://github.com/r58Playz/jinput-m1/raw/main/plugins/OSX/bin/jinput-platform-2.0.5.jar"
                    },
                    "natives-windows": {
                        "sha1": "385ee093e01f587f30ee1c8a2ee7d408fd732e16",
                        "size": 155179,
                        "url": "https://libraries.minecraft.net/net/java/jinput/jinput-platform/2.0.5/jinput-platform-2.0.5-natives-windows.jar"
                    }
                }
            },
            "extract": {
                "exclude": [
                    "META-INF/"
                ]
            },
            "name": "net.java.jinput:jinput-platform:2.0.5",
            "natives": {
                "linux": "natives-linux",
                "linux-arm32": "natives-linux-arm32",
                "linux-arm64": "natives-linux-arm64",
                "osx": "natives-osx",
                "osx-arm64": "natives-osx-arm64",
                "windows": "natives-windows"
            }
        },
        {
            "downloads": {
                "artifact": {
                    "sha1": "39c7796b469a600f72380316f6b1f11db6c2c7c4",
                    "size": 208338,
                    "url": "https://libraries.minecraft.net/net/java/jinput/jinput/2.0.5/jinput-2.0.5.jar"
                }
            },
            "name": "net.java.jinput:jinput:2.0.5"
        },
        {
            "downloads": {
                "artifact": {
                    "sha1": "e12fe1fda814bd348c1579329c86943d2cd3c6a6",
                    "size": 7508,
                    "url": "https://libraries.minecraft.net/net/java/jutils/jutils/1.0.0/jutils-1.0.0.jar"
                }
            },
            "name": "net.java.jutils:jutils:1.0.0"
        }
    ],
    "mainClass": "net.minecraft.client.main.Main",
    "mainJar": {
        "downloads": {
            "artifact": {
                "sha1": "e80d9b3bf5085002218d4be59e668bac718abbc6",
                "size": 5256245,
                "url": "https://launcher.mojang.com/v1/objects/e80d9b3bf5085002218d4be59e668bac718abbc6/client.jar"
            }
        },
        "name": "com.mojang:minecraft:1.7.10:client"
    },
    "minecraftArguments": "--username ${auth_player_name} --version ${version_name} --gameDir ${game_directory} --assetsDir ${assets_root} --assetIndex ${assets_index_name} --uuid ${auth_uuid} --accessToken ${auth_access_token} --userProperties ${user_properties} --userType ${user_type}",
    "name": "Minecraft with LWJGL3",
    "order": -2,
    "releaseTime": "2014-05-14T17:29:23+00:00",
    "requires": [
        {
            "suggests": "3.3.3",
            "uid": "org.lwjgl3"
        }
    ],
    "type": "release",
    "uid": "net.minecraft",
    "version": "1.7.10"
}
